--RIGHTS
INSERT INTO landlord."right" (id, right_id, created) VALUES (2, 2, null);
INSERT INTO landlord."right" (id, right_id, created) VALUES (4, 4, null);
INSERT INTO landlord."right" (id, right_id, created) VALUES (5, 5, null);
INSERT INTO landlord."right" (id, right_id, created) VALUES (6, 6, null);
INSERT INTO landlord."right" (id, right_id, created) VALUES (13, 13, null);
INSERT INTO landlord."right" (id, right_id, created) VALUES (14, 14, null);
INSERT INTO landlord."right" (id, right_id, created) VALUES (18, 18, null);
INSERT INTO landlord."right" (id, right_id, created) VALUES (19, 19, null);
INSERT INTO landlord."right" (id, right_id, created) VALUES (24, 24, null);
INSERT INTO landlord."right" (id, right_id, created) VALUES (25, 25, null);
INSERT INTO landlord."right" (id, right_id, created) VALUES (26, 26, null);
INSERT INTO landlord."right" (id, right_id, created) VALUES (27, 27, null);
INSERT INTO landlord."right" (id, right_id, created) VALUES (28, 28, null);
INSERT INTO landlord."right" (id, right_id, created) VALUES (29, 29, null);
INSERT INTO landlord."right" (id, right_id, created) VALUES (30, 30, null);
INSERT INTO landlord."right" (id, right_id, created) VALUES (31, 31, null);
INSERT INTO landlord."right" (id, right_id, created) VALUES (32, 32, null);
INSERT INTO landlord."right" (id, right_id, created) VALUES (40, 40, null);
INSERT INTO landlord."right" (id, right_id, created) VALUES (42, 42, null);
INSERT INTO landlord."right" (id, right_id, created) VALUES (44, 44, null);
INSERT INTO landlord."right" (id, right_id, created) VALUES (65, 65, null);
INSERT INTO landlord."right" (id, right_id, created) VALUES (67, 67, null);
INSERT INTO landlord."right" (id, right_id, created) VALUES (70, 70, null);
INSERT INTO landlord."right" (id, right_id, created) VALUES (72, 72, null);
INSERT INTO landlord."right" (id, right_id, created) VALUES (75, 75, null);
INSERT INTO landlord."right" (id, right_id, created) VALUES (76, 76, null);
INSERT INTO landlord."right" (id, right_id, created) VALUES (77, 77, null);
INSERT INTO landlord."right" (id, right_id, created) VALUES (78, 78, null);
INSERT INTO landlord."right" (id, right_id, created) VALUES (80, 80, null);
INSERT INTO landlord."right" (id, right_id, created) VALUES (81, 81, null);
INSERT INTO landlord."right" (id, right_id, created) VALUES (82, 82, null);
INSERT INTO landlord."right" (id, right_id, created) VALUES (83, 83, null);
INSERT INTO landlord."right" (id, right_id, created) VALUES (85, 85, null);
INSERT INTO landlord."right" (id, right_id, created) VALUES (90, 90, null);
INSERT INTO landlord."right" (id, right_id, created) VALUES (91, 91, null);
INSERT INTO landlord."right" (id, right_id, created) VALUES (92, 92, null);
INSERT INTO landlord."right" (id, right_id, created) VALUES (94, 94, null);
INSERT INTO landlord."right" (id, right_id, created) VALUES (95, 95, null);
INSERT INTO landlord."right" (id, right_id, created) VALUES (96, 96, null);
INSERT INTO landlord."right" (id, right_id, created) VALUES (97, 97, null);
INSERT INTO landlord."right" (id, right_id, created) VALUES (99, 99, null);
INSERT INTO landlord."right" (id, right_id, created) VALUES (101, 101, null);
INSERT INTO landlord."right" (id, right_id, created) VALUES (105, 105, null);
INSERT INTO landlord."right" (id, right_id, created) VALUES (106, 106, null);
INSERT INTO landlord."right" (id, right_id, created) VALUES (108, 108, null);
INSERT INTO landlord."right" (id, right_id, created) VALUES (109, 109, null);
INSERT INTO landlord."right" (id, right_id, created) VALUES (114, 114, null);
INSERT INTO landlord."right" (id, right_id, created) VALUES (118, 118, null);
INSERT INTO landlord."right" (id, right_id, created) VALUES (119, 119, null);
INSERT INTO landlord."right" (id, right_id, created) VALUES (124, 124, null);
INSERT INTO landlord."right" (id, right_id, created) VALUES (129, 129, null);
INSERT INTO landlord."right" (id, right_id, created) VALUES (130, 130, null);
INSERT INTO landlord."right" (id, right_id, created) VALUES (131, 131, null);
INSERT INTO landlord."right" (id, right_id, created) VALUES (132, 132, null);
INSERT INTO landlord."right" (id, right_id, created) VALUES (134, 134, null);
INSERT INTO landlord."right" (id, right_id, created) VALUES (135, 135, null);
INSERT INTO landlord."right" (id, right_id, created) VALUES (136, 136, null);
INSERT INTO landlord."right" (id, right_id, created) VALUES (137, 137, null);
INSERT INTO landlord."right" (id, right_id, created) VALUES (138, 138, null);
INSERT INTO landlord."right" (id, right_id, created) VALUES (139, 139, null);
INSERT INTO landlord."right" (id, right_id, created) VALUES (140, 140, null);
INSERT INTO landlord."right" (id, right_id, created) VALUES (141, 141, null);
INSERT INTO landlord."right" (id, right_id, created) VALUES (142, 142, null);
INSERT INTO landlord."right" (id, right_id, created) VALUES (144, 144, null);
INSERT INTO landlord."right" (id, right_id, created) VALUES (145, 145, null);
INSERT INTO landlord."right" (id, right_id, created) VALUES (146, 146, null);
INSERT INTO landlord."right" (id, right_id, created) VALUES (148, 148, null);
INSERT INTO landlord."right" (id, right_id, created) VALUES (149, 149, null);
INSERT INTO landlord."right" (id, right_id, created) VALUES (150, 150, null);
INSERT INTO landlord."right" (id, right_id, created) VALUES (151, 151, null);
INSERT INTO landlord."right" (id, right_id, created) VALUES (153, 153, null);
INSERT INTO landlord."right" (id, right_id, created) VALUES (154, 154, null);
INSERT INTO landlord."right" (id, right_id, created) VALUES (155, 155, null);
INSERT INTO landlord."right" (id, right_id, created) VALUES (156, 156, null);
INSERT INTO landlord."right" (id, right_id, created) VALUES (157, 157, null);
INSERT INTO landlord."right" (id, right_id, created) VALUES (158, 158, null);
INSERT INTO landlord."right" (id, right_id, created) VALUES (159, 159, null);
INSERT INTO landlord."right" (id, right_id, created) VALUES (160, 160, null);
INSERT INTO landlord."right" (id, right_id, created) VALUES (163, 163, null);
INSERT INTO landlord."right" (id, right_id, created) VALUES (165, 165, null);
INSERT INTO landlord."right" (id, right_id, created) VALUES (166, 166, null);
INSERT INTO landlord."right" (id, right_id, created) VALUES (167, 167, null);
INSERT INTO landlord."right" (id, right_id, created) VALUES (168, 168, null);
INSERT INTO landlord."right" (id, right_id, created) VALUES (169, 169, null);
INSERT INTO landlord."right" (id, right_id, created) VALUES (170, 170, null);
INSERT INTO landlord."right" (id, right_id, created) VALUES (172, 172, null);
INSERT INTO landlord."right" (id, right_id, created) VALUES (173, 173, null);
INSERT INTO landlord."right" (id, right_id, created) VALUES (174, 174, null);
INSERT INTO landlord."right" (id, right_id, created) VALUES (175, 175, null);
INSERT INTO landlord."right" (id, right_id, created) VALUES (176, 176, null);
INSERT INTO landlord."right" (id, right_id, created) VALUES (177, 177, null);
INSERT INTO landlord."right" (id, right_id, created) VALUES (178, 178, null);
INSERT INTO landlord."right" (id, right_id, created) VALUES (179, 179, null);
INSERT INTO landlord."right" (id, right_id, created) VALUES (180, 180, null);
INSERT INTO landlord."right" (id, right_id, created) VALUES (182, 182, null);
INSERT INTO landlord."right" (id, right_id, created) VALUES (183, 183, null);
INSERT INTO landlord."right" (id, right_id, created) VALUES (184, 184, null);
INSERT INTO landlord."right" (id, right_id, created) VALUES (185, 185, null);
INSERT INTO landlord."right" (id, right_id, created) VALUES (186, 186, null);
INSERT INTO landlord."right" (id, right_id, created) VALUES (187, 187, null);
INSERT INTO landlord."right" (id, right_id, created) VALUES (195, 195, null);
INSERT INTO landlord."right" (id, right_id, created) VALUES (196, 196, null);
INSERT INTO landlord."right" (id, right_id, created) VALUES (197, 197, null);
INSERT INTO landlord."right" (id, right_id, created) VALUES (198, 198, null);
INSERT INTO landlord."right" (id, right_id, created) VALUES (199, 199, null);
INSERT INTO landlord."right" (id, right_id, created) VALUES (200, 200, null);
INSERT INTO landlord."right" (id, right_id, created) VALUES (201, 201, null);
INSERT INTO landlord."right" (id, right_id, created) VALUES (202, 202, null);
INSERT INTO landlord."right" (id, right_id, created) VALUES (203, 203, null);
INSERT INTO landlord."right" (id, right_id, created) VALUES (204, 204, null);
INSERT INTO landlord."right" (id, right_id, created) VALUES (205, 205, null);
INSERT INTO landlord."right" (id, right_id, created) VALUES (206, 206, null);
INSERT INTO landlord."right" (id, right_id, created) VALUES (207, 207, null);
INSERT INTO landlord."right" (id, right_id, created) VALUES (208, 208, null);
INSERT INTO landlord."right" (id, right_id, created) VALUES (210, 210, null);
INSERT INTO landlord."right" (id, right_id, created) VALUES (220, 220, null);
INSERT INTO landlord."right" (id, right_id, created) VALUES (221, 221, null);
INSERT INTO landlord."right" (id, right_id, created) VALUES (222, 222, null);
INSERT INTO landlord."right" (id, right_id, created) VALUES (223, 223, null);
INSERT INTO landlord."right" (id, right_id, created) VALUES (230, 230, null);
INSERT INTO landlord."right" (id, right_id, created) VALUES (231, 231, null);
INSERT INTO landlord."right" (id, right_id, created) VALUES (233, 233, null);
INSERT INTO landlord."right" (id, right_id, created) VALUES (1001, 1001, NOW());
INSERT INTO landlord."right" (id, right_id, created) VALUES (1101, 1101, NOW());
INSERT INTO landlord."right" (id, right_id, created) VALUES (1201, 1201, NOW());
INSERT INTO landlord."right" (id, right_id, created) VALUES (2000, 2000, NOW());
INSERT INTO landlord."right" (id, right_id, created) VALUES (2001, 2001, NOW());
INSERT INTO landlord."right" (id, right_id, created) VALUES (2002, 2002, NOW());
INSERT INTO landlord."right" (id, right_id, created) VALUES (2003, 2003, NOW());
INSERT INTO landlord."right" (id, right_id, created) VALUES (2004, 2004, NOW());
INSERT INTO landlord."right" (id, right_id, created) VALUES (2005, 2005, NOW());
INSERT INTO landlord."right" (id, right_id, created) VALUES (2006, 2006, NOW());


--USERTYPE RIGHTS
INSERT INTO landlord.usertype_rights (id, usertype, right_id, created) VALUES (3, 'COMPANYADMIN', 5, null);
INSERT INTO landlord.usertype_rights (id, usertype, right_id, created) VALUES (5, 'COMPANYADMIN', 13, null);
INSERT INTO landlord.usertype_rights (id, usertype, right_id, created) VALUES (6, 'COMPANYADMIN', 14, null);
INSERT INTO landlord.usertype_rights (id, usertype, right_id, created) VALUES (7, 'COMPANYADMIN', 18, null);
INSERT INTO landlord.usertype_rights (id, usertype, right_id, created) VALUES (8, 'COMPANYADMIN', 19, null);
INSERT INTO landlord.usertype_rights (id, usertype, right_id, created) VALUES (9, 'COMPANYADMIN', 24, null);
INSERT INTO landlord.usertype_rights (id, usertype, right_id, created) VALUES (10, 'COMPANYADMIN', 25, null);
INSERT INTO landlord.usertype_rights (id, usertype, right_id, created) VALUES (11, 'COMPANYADMIN', 26, null);
INSERT INTO landlord.usertype_rights (id, usertype, right_id, created) VALUES (12, 'COMPANYADMIN', 27, null);
INSERT INTO landlord.usertype_rights (id, usertype, right_id, created) VALUES (13, 'COMPANYADMIN', 28, null);
INSERT INTO landlord.usertype_rights (id, usertype, right_id, created) VALUES (14, 'COMPANYADMIN', 29, null);
INSERT INTO landlord.usertype_rights (id, usertype, right_id, created) VALUES (15, 'COMPANYADMIN', 30, null);
INSERT INTO landlord.usertype_rights (id, usertype, right_id, created) VALUES (16, 'COMPANYADMIN', 31, null);
INSERT INTO landlord.usertype_rights (id, usertype, right_id, created) VALUES (17, 'COMPANYADMIN', 32, null);
INSERT INTO landlord.usertype_rights (id, usertype, right_id, created) VALUES (18, 'COMPANYADMIN', 40, null);
INSERT INTO landlord.usertype_rights (id, usertype, right_id, created) VALUES (19, 'COMPANYADMIN', 42, null);
INSERT INTO landlord.usertype_rights (id, usertype, right_id, created) VALUES (20, 'COMPANYADMIN', 44, null);
INSERT INTO landlord.usertype_rights (id, usertype, right_id, created) VALUES (21, 'COMPANYADMIN', 65, null);
INSERT INTO landlord.usertype_rights (id, usertype, right_id, created) VALUES (22, 'COMPANYADMIN', 67, null);
INSERT INTO landlord.usertype_rights (id, usertype, right_id, created) VALUES (23, 'COMPANYADMIN', 70, null);
INSERT INTO landlord.usertype_rights (id, usertype, right_id, created) VALUES (24, 'COMPANYADMIN', 72, null);
INSERT INTO landlord.usertype_rights (id, usertype, right_id, created) VALUES (25, 'COMPANYADMIN', 75, null);
INSERT INTO landlord.usertype_rights (id, usertype, right_id, created) VALUES (26, 'COMPANYADMIN', 76, null);
INSERT INTO landlord.usertype_rights (id, usertype, right_id, created) VALUES (27, 'COMPANYADMIN', 77, null);
INSERT INTO landlord.usertype_rights (id, usertype, right_id, created) VALUES (28, 'COMPANYADMIN', 78, null);
INSERT INTO landlord.usertype_rights (id, usertype, right_id, created) VALUES (29, 'COMPANYADMIN', 80, null);
INSERT INTO landlord.usertype_rights (id, usertype, right_id, created) VALUES (30, 'COMPANYADMIN', 81, null);
INSERT INTO landlord.usertype_rights (id, usertype, right_id, created) VALUES (31, 'COMPANYADMIN', 82, null);
INSERT INTO landlord.usertype_rights (id, usertype, right_id, created) VALUES (32, 'COMPANYADMIN', 83, null);
INSERT INTO landlord.usertype_rights (id, usertype, right_id, created) VALUES (33, 'COMPANYADMIN', 85, null);
INSERT INTO landlord.usertype_rights (id, usertype, right_id, created) VALUES (34, 'COMPANYADMIN', 90, null);
INSERT INTO landlord.usertype_rights (id, usertype, right_id, created) VALUES (35, 'COMPANYADMIN', 91, null);
INSERT INTO landlord.usertype_rights (id, usertype, right_id, created) VALUES (36, 'COMPANYADMIN', 92, null);
INSERT INTO landlord.usertype_rights (id, usertype, right_id, created) VALUES (37, 'COMPANYADMIN', 94, null);
INSERT INTO landlord.usertype_rights (id, usertype, right_id, created) VALUES (38, 'COMPANYADMIN', 95, null);
INSERT INTO landlord.usertype_rights (id, usertype, right_id, created) VALUES (39, 'COMPANYADMIN', 96, null);
INSERT INTO landlord.usertype_rights (id, usertype, right_id, created) VALUES (40, 'COMPANYADMIN', 97, null);
INSERT INTO landlord.usertype_rights (id, usertype, right_id, created) VALUES (41, 'COMPANYADMIN', 99, null);
INSERT INTO landlord.usertype_rights (id, usertype, right_id, created) VALUES (42, 'COMPANYADMIN', 101, null);
INSERT INTO landlord.usertype_rights (id, usertype, right_id, created) VALUES (43, 'COMPANYADMIN', 105, null);
INSERT INTO landlord.usertype_rights (id, usertype, right_id, created) VALUES (44, 'COMPANYADMIN', 106, null);
INSERT INTO landlord.usertype_rights (id, usertype, right_id, created) VALUES (45, 'COMPANYADMIN', 108, null);
INSERT INTO landlord.usertype_rights (id, usertype, right_id, created) VALUES (46, 'COMPANYADMIN', 109, null);
INSERT INTO landlord.usertype_rights (id, usertype, right_id, created) VALUES (47, 'COMPANYADMIN', 114, null);
INSERT INTO landlord.usertype_rights (id, usertype, right_id, created) VALUES (48, 'COMPANYADMIN', 118, null);
INSERT INTO landlord.usertype_rights (id, usertype, right_id, created) VALUES (49, 'COMPANYADMIN', 119, null);
INSERT INTO landlord.usertype_rights (id, usertype, right_id, created) VALUES (50, 'COMPANYADMIN', 124, null);
INSERT INTO landlord.usertype_rights (id, usertype, right_id, created) VALUES (51, 'COMPANYADMIN', 129, null);
INSERT INTO landlord.usertype_rights (id, usertype, right_id, created) VALUES (52, 'COMPANYADMIN', 130, null);
INSERT INTO landlord.usertype_rights (id, usertype, right_id, created) VALUES (53, 'COMPANYADMIN', 131, null);
INSERT INTO landlord.usertype_rights (id, usertype, right_id, created) VALUES (54, 'COMPANYADMIN', 132, null);
INSERT INTO landlord.usertype_rights (id, usertype, right_id, created) VALUES (55, 'COMPANYADMIN', 134, null);
INSERT INTO landlord.usertype_rights (id, usertype, right_id, created) VALUES (56, 'COMPANYADMIN', 135, null);
INSERT INTO landlord.usertype_rights (id, usertype, right_id, created) VALUES (57, 'COMPANYADMIN', 136, null);
INSERT INTO landlord.usertype_rights (id, usertype, right_id, created) VALUES (58, 'COMPANYADMIN', 137, null);
INSERT INTO landlord.usertype_rights (id, usertype, right_id, created) VALUES (59, 'COMPANYADMIN', 138, null);
INSERT INTO landlord.usertype_rights (id, usertype, right_id, created) VALUES (60, 'COMPANYADMIN', 139, null);
INSERT INTO landlord.usertype_rights (id, usertype, right_id, created) VALUES (61, 'COMPANYADMIN', 140, null);
INSERT INTO landlord.usertype_rights (id, usertype, right_id, created) VALUES (62, 'COMPANYADMIN', 141, null);
INSERT INTO landlord.usertype_rights (id, usertype, right_id, created) VALUES (63, 'COMPANYADMIN', 142, null);
INSERT INTO landlord.usertype_rights (id, usertype, right_id, created) VALUES (64, 'COMPANYADMIN', 144, null);
INSERT INTO landlord.usertype_rights (id, usertype, right_id, created) VALUES (65, 'COMPANYADMIN', 145, null);
INSERT INTO landlord.usertype_rights (id, usertype, right_id, created) VALUES (66, 'COMPANYADMIN', 146, null);
INSERT INTO landlord.usertype_rights (id, usertype, right_id, created) VALUES (67, 'COMPANYADMIN', 148, null);
INSERT INTO landlord.usertype_rights (id, usertype, right_id, created) VALUES (68, 'COMPANYADMIN', 149, null);
INSERT INTO landlord.usertype_rights (id, usertype, right_id, created) VALUES (69, 'COMPANYADMIN', 150, null);
INSERT INTO landlord.usertype_rights (id, usertype, right_id, created) VALUES (70, 'COMPANYADMIN', 151, null);
INSERT INTO landlord.usertype_rights (id, usertype, right_id, created) VALUES (71, 'COMPANYADMIN', 153, null);
INSERT INTO landlord.usertype_rights (id, usertype, right_id, created) VALUES (72, 'COMPANYADMIN', 154, null);
INSERT INTO landlord.usertype_rights (id, usertype, right_id, created) VALUES (73, 'COMPANYADMIN', 155, null);
INSERT INTO landlord.usertype_rights (id, usertype, right_id, created) VALUES (74, 'COMPANYADMIN', 156, null);
INSERT INTO landlord.usertype_rights (id, usertype, right_id, created) VALUES (75, 'COMPANYADMIN', 157, null);
INSERT INTO landlord.usertype_rights (id, usertype, right_id, created) VALUES (76, 'COMPANYADMIN', 158, null);
INSERT INTO landlord.usertype_rights (id, usertype, right_id, created) VALUES (77, 'COMPANYADMIN', 159, null);
INSERT INTO landlord.usertype_rights (id, usertype, right_id, created) VALUES (78, 'COMPANYADMIN', 160, null);
INSERT INTO landlord.usertype_rights (id, usertype, right_id, created) VALUES (79, 'COMPANYADMIN', 163, null);
INSERT INTO landlord.usertype_rights (id, usertype, right_id, created) VALUES (80, 'COMPANYADMIN', 165, null);
INSERT INTO landlord.usertype_rights (id, usertype, right_id, created) VALUES (81, 'COMPANYADMIN', 167, null);
INSERT INTO landlord.usertype_rights (id, usertype, right_id, created) VALUES (82, 'COMPANYADMIN', 168, null);
INSERT INTO landlord.usertype_rights (id, usertype, right_id, created) VALUES (83, 'COMPANYADMIN', 169, null);
INSERT INTO landlord.usertype_rights (id, usertype, right_id, created) VALUES (84, 'COMPANYADMIN', 170, null);
INSERT INTO landlord.usertype_rights (id, usertype, right_id, created) VALUES (85, 'COMPANYADMIN', 172, null);
INSERT INTO landlord.usertype_rights (id, usertype, right_id, created) VALUES (86, 'COMPANYADMIN', 173, null);
INSERT INTO landlord.usertype_rights (id, usertype, right_id, created) VALUES (87, 'COMPANYADMIN', 174, null);
INSERT INTO landlord.usertype_rights (id, usertype, right_id, created) VALUES (88, 'COMPANYADMIN', 175, null);
INSERT INTO landlord.usertype_rights (id, usertype, right_id, created) VALUES (89, 'COMPANYADMIN', 176, null);
INSERT INTO landlord.usertype_rights (id, usertype, right_id, created) VALUES (90, 'COMPANYADMIN', 177, null);
INSERT INTO landlord.usertype_rights (id, usertype, right_id, created) VALUES (91, 'COMPANYADMIN', 178, null);
INSERT INTO landlord.usertype_rights (id, usertype, right_id, created) VALUES (92, 'COMPANYADMIN', 179, null);
INSERT INTO landlord.usertype_rights (id, usertype, right_id, created) VALUES (93, 'COMPANYADMIN', 180, null);
INSERT INTO landlord.usertype_rights (id, usertype, right_id, created) VALUES (94, 'COMPANYADMIN', 182, null);
INSERT INTO landlord.usertype_rights (id, usertype, right_id, created) VALUES (95, 'COMPANYADMIN', 183, null);
INSERT INTO landlord.usertype_rights (id, usertype, right_id, created) VALUES (96, 'COMPANYADMIN', 184, null);
INSERT INTO landlord.usertype_rights (id, usertype, right_id, created) VALUES (97, 'COMPANYADMIN', 185, null);
INSERT INTO landlord.usertype_rights (id, usertype, right_id, created) VALUES (98, 'COMPANYADMIN', 186, null);
INSERT INTO landlord.usertype_rights (id, usertype, right_id, created) VALUES (99, 'COMPANYADMIN', 187, null);
INSERT INTO landlord.usertype_rights (id, usertype, right_id, created) VALUES (100, 'COMPANYADMIN', 207, null);
INSERT INTO landlord.usertype_rights (id, usertype, right_id, created) VALUES (101, 'COMPANYADMIN', 208, null);
INSERT INTO landlord.usertype_rights (id, usertype, right_id, created) VALUES (102, 'COMPANYADMIN', 210, null);
INSERT INTO landlord.usertype_rights (id, usertype, right_id, created) VALUES (103, 'COMPANYADMIN', 220, null);
INSERT INTO landlord.usertype_rights (id, usertype, right_id, created) VALUES (104, 'COMPANYADMIN', 221, null);
INSERT INTO landlord.usertype_rights (id, usertype, right_id, created) VALUES (105, 'COMPANYADMIN', 222, null);
INSERT INTO landlord.usertype_rights (id, usertype, right_id, created) VALUES (106, 'COMPANYADMIN', 223, null);
INSERT INTO landlord.usertype_rights (id, usertype, right_id, created) VALUES (107, 'COMPANYADMIN', 230, null);
INSERT INTO landlord.usertype_rights (id, usertype, right_id, created) VALUES (108, 'COMPANYADMIN', 231, null);
INSERT INTO landlord.usertype_rights (id, usertype, right_id, created) VALUES (109, 'COMPANYADMIN', 233, null);
INSERT INTO landlord.usertype_rights (id, usertype, right_id, created) VALUES (194, 'EMPLOYEE', 4, null);
INSERT INTO landlord.usertype_rights (id, usertype, right_id, created) VALUES (195, 'EMPLOYEE', 13, null);
INSERT INTO landlord.usertype_rights (id, usertype, right_id, created) VALUES (196, 'EMPLOYEE', 14, null);
INSERT INTO landlord.usertype_rights (id, usertype, right_id, created) VALUES (197, 'EMPLOYEE', 18, null);
INSERT INTO landlord.usertype_rights (id, usertype, right_id, created) VALUES (198, 'EMPLOYEE', 19, null);
INSERT INTO landlord.usertype_rights (id, usertype, right_id, created) VALUES (199, 'EMPLOYEE', 24, null);
INSERT INTO landlord.usertype_rights (id, usertype, right_id, created) VALUES (200, 'EMPLOYEE', 26, null);
INSERT INTO landlord.usertype_rights (id, usertype, right_id, created) VALUES (201, 'EMPLOYEE', 28, null);
INSERT INTO landlord.usertype_rights (id, usertype, right_id, created) VALUES (202, 'EMPLOYEE', 29, null);
INSERT INTO landlord.usertype_rights (id, usertype, right_id, created) VALUES (203, 'EMPLOYEE', 30, null);
INSERT INTO landlord.usertype_rights (id, usertype, right_id, created) VALUES (204, 'EMPLOYEE', 32, null);
INSERT INTO landlord.usertype_rights (id, usertype, right_id, created) VALUES (205, 'EMPLOYEE', 40, null);
INSERT INTO landlord.usertype_rights (id, usertype, right_id, created) VALUES (206, 'EMPLOYEE', 42, null);
INSERT INTO landlord.usertype_rights (id, usertype, right_id, created) VALUES (207, 'EMPLOYEE', 44, null);
INSERT INTO landlord.usertype_rights (id, usertype, right_id, created) VALUES (208, 'EMPLOYEE', 90, null);
INSERT INTO landlord.usertype_rights (id, usertype, right_id, created) VALUES (209, 'EMPLOYEE', 91, null);
INSERT INTO landlord.usertype_rights (id, usertype, right_id, created) VALUES (210, 'EMPLOYEE', 94, null);
INSERT INTO landlord.usertype_rights (id, usertype, right_id, created) VALUES (211, 'EMPLOYEE', 95, null);
INSERT INTO landlord.usertype_rights (id, usertype, right_id, created) VALUES (212, 'EMPLOYEE', 99, null);
INSERT INTO landlord.usertype_rights (id, usertype, right_id, created) VALUES (213, 'EMPLOYEE', 101, null);
INSERT INTO landlord.usertype_rights (id, usertype, right_id, created) VALUES (214, 'EMPLOYEE', 105, null);
INSERT INTO landlord.usertype_rights (id, usertype, right_id, created) VALUES (215, 'EMPLOYEE', 106, null);
INSERT INTO landlord.usertype_rights (id, usertype, right_id, created) VALUES (216, 'EMPLOYEE', 109, null);
INSERT INTO landlord.usertype_rights (id, usertype, right_id, created) VALUES (217, 'EMPLOYEE', 114, null);
INSERT INTO landlord.usertype_rights (id, usertype, right_id, created) VALUES (218, 'EMPLOYEE', 119, null);
INSERT INTO landlord.usertype_rights (id, usertype, right_id, created) VALUES (219, 'EMPLOYEE', 124, null);
INSERT INTO landlord.usertype_rights (id, usertype, right_id, created) VALUES (220, 'EMPLOYEE', 129, null);
INSERT INTO landlord.usertype_rights (id, usertype, right_id, created) VALUES (221, 'EMPLOYEE', 130, null);
INSERT INTO landlord.usertype_rights (id, usertype, right_id, created) VALUES (222, 'EMPLOYEE', 131, null);
INSERT INTO landlord.usertype_rights (id, usertype, right_id, created) VALUES (223, 'EMPLOYEE', 132, null);
INSERT INTO landlord.usertype_rights (id, usertype, right_id, created) VALUES (224, 'EMPLOYEE', 134, null);
INSERT INTO landlord.usertype_rights (id, usertype, right_id, created) VALUES (225, 'EMPLOYEE', 135, null);
INSERT INTO landlord.usertype_rights (id, usertype, right_id, created) VALUES (226, 'EMPLOYEE', 136, null);
INSERT INTO landlord.usertype_rights (id, usertype, right_id, created) VALUES (227, 'EMPLOYEE', 137, null);
INSERT INTO landlord.usertype_rights (id, usertype, right_id, created) VALUES (228, 'EMPLOYEE', 138, null);
INSERT INTO landlord.usertype_rights (id, usertype, right_id, created) VALUES (229, 'EMPLOYEE', 139, null);
INSERT INTO landlord.usertype_rights (id, usertype, right_id, created) VALUES (230, 'EMPLOYEE', 140, null);
INSERT INTO landlord.usertype_rights (id, usertype, right_id, created) VALUES (231, 'EMPLOYEE', 141, null);
INSERT INTO landlord.usertype_rights (id, usertype, right_id, created) VALUES (232, 'EMPLOYEE', 142, null);
INSERT INTO landlord.usertype_rights (id, usertype, right_id, created) VALUES (233, 'EMPLOYEE', 144, null);
INSERT INTO landlord.usertype_rights (id, usertype, right_id, created) VALUES (234, 'EMPLOYEE', 145, null);
INSERT INTO landlord.usertype_rights (id, usertype, right_id, created) VALUES (235, 'EMPLOYEE', 146, null);
INSERT INTO landlord.usertype_rights (id, usertype, right_id, created) VALUES (236, 'EMPLOYEE', 148, null);
INSERT INTO landlord.usertype_rights (id, usertype, right_id, created) VALUES (237, 'EMPLOYEE', 149, null);
INSERT INTO landlord.usertype_rights (id, usertype, right_id, created) VALUES (238, 'EMPLOYEE', 150, null);
INSERT INTO landlord.usertype_rights (id, usertype, right_id, created) VALUES (239, 'EMPLOYEE', 151, null);
INSERT INTO landlord.usertype_rights (id, usertype, right_id, created) VALUES (240, 'EMPLOYEE', 153, null);
INSERT INTO landlord.usertype_rights (id, usertype, right_id, created) VALUES (241, 'EMPLOYEE', 154, null);
INSERT INTO landlord.usertype_rights (id, usertype, right_id, created) VALUES (242, 'EMPLOYEE', 155, null);
INSERT INTO landlord.usertype_rights (id, usertype, right_id, created) VALUES (243, 'EMPLOYEE', 156, null);
INSERT INTO landlord.usertype_rights (id, usertype, right_id, created) VALUES (244, 'EMPLOYEE', 157, null);
INSERT INTO landlord.usertype_rights (id, usertype, right_id, created) VALUES (245, 'EMPLOYEE', 158, null);
INSERT INTO landlord.usertype_rights (id, usertype, right_id, created) VALUES (246, 'EMPLOYEE', 159, null);
INSERT INTO landlord.usertype_rights (id, usertype, right_id, created) VALUES (247, 'EMPLOYEE', 160, null);
INSERT INTO landlord.usertype_rights (id, usertype, right_id, created) VALUES (248, 'EMPLOYEE', 168, null);
INSERT INTO landlord.usertype_rights (id, usertype, right_id, created) VALUES (249, 'EMPLOYEE', 169, null);
INSERT INTO landlord.usertype_rights (id, usertype, right_id, created) VALUES (250, 'EMPLOYEE', 170, null);
INSERT INTO landlord.usertype_rights (id, usertype, right_id, created) VALUES (251, 'EMPLOYEE', 172, null);
INSERT INTO landlord.usertype_rights (id, usertype, right_id, created) VALUES (252, 'EMPLOYEE', 174, null);
INSERT INTO landlord.usertype_rights (id, usertype, right_id, created) VALUES (253, 'EMPLOYEE', 175, null);
INSERT INTO landlord.usertype_rights (id, usertype, right_id, created) VALUES (254, 'EMPLOYEE', 177, null);
INSERT INTO landlord.usertype_rights (id, usertype, right_id, created) VALUES (255, 'EMPLOYEE', 180, null);
INSERT INTO landlord.usertype_rights (id, usertype, right_id, created) VALUES (256, 'EMPLOYEE', 182, null);
INSERT INTO landlord.usertype_rights (id, usertype, right_id, created) VALUES (257, 'EMPLOYEE', 183, null);
INSERT INTO landlord.usertype_rights (id, usertype, right_id, created) VALUES (258, 'EMPLOYEE', 184, null);
INSERT INTO landlord.usertype_rights (id, usertype, right_id, created) VALUES (259, 'EMPLOYEE', 185, null);
INSERT INTO landlord.usertype_rights (id, usertype, right_id, created) VALUES (260, 'EMPLOYEE', 186, null);
INSERT INTO landlord.usertype_rights (id, usertype, right_id, created) VALUES (261, 'EMPLOYEE', 187, null);
INSERT INTO landlord.usertype_rights (id, usertype, right_id, created) VALUES (262, 'EMPLOYEE', 207, null);
INSERT INTO landlord.usertype_rights (id, usertype, right_id, created) VALUES (263, 'EMPLOYEE', 220, null);
INSERT INTO landlord.usertype_rights (id, usertype, right_id, created) VALUES (264, 'EMPLOYEE', 221, null);
INSERT INTO landlord.usertype_rights (id, usertype, right_id, created) VALUES (265, 'EMPLOYEE', 222, null);
INSERT INTO landlord.usertype_rights (id, usertype, right_id, created) VALUES (266, 'EMPLOYEE', 223, null);
INSERT INTO landlord.usertype_rights (id, usertype, right_id, created) VALUES (267, 'EMPLOYEE', 231, null);
INSERT INTO landlord.usertype_rights (id, usertype, right_id, created) VALUES (268, 'EMPLOYEE', 233, null);
INSERT INTO landlord.usertype_rights (id, usertype, right_id, created) VALUES (269, 'HOTLINE', 6, null);
INSERT INTO landlord.usertype_rights (id, usertype, right_id, created) VALUES (270, 'HOTLINE', 13, null);
INSERT INTO landlord.usertype_rights (id, usertype, right_id, created) VALUES (271, 'HOTLINE', 14, null);
INSERT INTO landlord.usertype_rights (id, usertype, right_id, created) VALUES (272, 'HOTLINE', 18, null);
INSERT INTO landlord.usertype_rights (id, usertype, right_id, created) VALUES (273, 'HOTLINE', 19, null);
INSERT INTO landlord.usertype_rights (id, usertype, right_id, created) VALUES (274, 'HOTLINE', 24, null);
INSERT INTO landlord.usertype_rights (id, usertype, right_id, created) VALUES (275, 'HOTLINE', 26, null);
INSERT INTO landlord.usertype_rights (id, usertype, right_id, created) VALUES (276, 'HOTLINE', 28, null);
INSERT INTO landlord.usertype_rights (id, usertype, right_id, created) VALUES (277, 'HOTLINE', 29, null);
INSERT INTO landlord.usertype_rights (id, usertype, right_id, created) VALUES (278, 'HOTLINE', 30, null);
INSERT INTO landlord.usertype_rights (id, usertype, right_id, created) VALUES (279, 'HOTLINE', 32, null);
INSERT INTO landlord.usertype_rights (id, usertype, right_id, created) VALUES (280, 'HOTLINE', 40, null);
INSERT INTO landlord.usertype_rights (id, usertype, right_id, created) VALUES (281, 'HOTLINE', 42, null);
INSERT INTO landlord.usertype_rights (id, usertype, right_id, created) VALUES (282, 'HOTLINE', 44, null);
INSERT INTO landlord.usertype_rights (id, usertype, right_id, created) VALUES (283, 'HOTLINE', 99, null);
INSERT INTO landlord.usertype_rights (id, usertype, right_id, created) VALUES (284, 'HOTLINE', 105, null);
INSERT INTO landlord.usertype_rights (id, usertype, right_id, created) VALUES (285, 'HOTLINE', 106, null);
INSERT INTO landlord.usertype_rights (id, usertype, right_id, created) VALUES (286, 'HOTLINE', 129, null);
INSERT INTO landlord.usertype_rights (id, usertype, right_id, created) VALUES (287, 'HOTLINE', 134, null);
INSERT INTO landlord.usertype_rights (id, usertype, right_id, created) VALUES (288, 'HOTLINE', 138, null);
INSERT INTO landlord.usertype_rights (id, usertype, right_id, created) VALUES (289, 'HOTLINE', 139, null);
INSERT INTO landlord.usertype_rights (id, usertype, right_id, created) VALUES (290, 'HOTLINE', 140, null);
INSERT INTO landlord.usertype_rights (id, usertype, right_id, created) VALUES (291, 'HOTLINE', 141, null);
INSERT INTO landlord.usertype_rights (id, usertype, right_id, created) VALUES (292, 'HOTLINE', 142, null);
INSERT INTO landlord.usertype_rights (id, usertype, right_id, created) VALUES (293, 'HOTLINE', 144, null);
INSERT INTO landlord.usertype_rights (id, usertype, right_id, created) VALUES (294, 'HOTLINE', 145, null);
INSERT INTO landlord.usertype_rights (id, usertype, right_id, created) VALUES (295, 'HOTLINE', 146, null);
INSERT INTO landlord.usertype_rights (id, usertype, right_id, created) VALUES (296, 'HOTLINE', 148, null);
INSERT INTO landlord.usertype_rights (id, usertype, right_id, created) VALUES (297, 'HOTLINE', 149, null);
INSERT INTO landlord.usertype_rights (id, usertype, right_id, created) VALUES (298, 'HOTLINE', 150, null);
INSERT INTO landlord.usertype_rights (id, usertype, right_id, created) VALUES (299, 'HOTLINE', 151, null);
INSERT INTO landlord.usertype_rights (id, usertype, right_id, created) VALUES (300, 'HOTLINE', 153, null);
INSERT INTO landlord.usertype_rights (id, usertype, right_id, created) VALUES (301, 'HOTLINE', 154, null);
INSERT INTO landlord.usertype_rights (id, usertype, right_id, created) VALUES (302, 'HOTLINE', 155, null);
INSERT INTO landlord.usertype_rights (id, usertype, right_id, created) VALUES (303, 'HOTLINE', 156, null);
INSERT INTO landlord.usertype_rights (id, usertype, right_id, created) VALUES (304, 'HOTLINE', 157, null);
INSERT INTO landlord.usertype_rights (id, usertype, right_id, created) VALUES (305, 'HOTLINE', 158, null);
INSERT INTO landlord.usertype_rights (id, usertype, right_id, created) VALUES (306, 'HOTLINE', 159, null);
INSERT INTO landlord.usertype_rights (id, usertype, right_id, created) VALUES (307, 'HOTLINE', 160, null);
INSERT INTO landlord.usertype_rights (id, usertype, right_id, created) VALUES (308, 'HOTLINE', 167, null);
INSERT INTO landlord.usertype_rights (id, usertype, right_id, created) VALUES (309, 'HOTLINE', 168, null);
INSERT INTO landlord.usertype_rights (id, usertype, right_id, created) VALUES (310, 'HOTLINE', 169, null);
INSERT INTO landlord.usertype_rights (id, usertype, right_id, created) VALUES (311, 'HOTLINE', 170, null);
INSERT INTO landlord.usertype_rights (id, usertype, right_id, created) VALUES (312, 'HOTLINE', 172, null);
INSERT INTO landlord.usertype_rights (id, usertype, right_id, created) VALUES (313, 'HOTLINE', 174, null);
INSERT INTO landlord.usertype_rights (id, usertype, right_id, created) VALUES (314, 'HOTLINE', 175, null);
INSERT INTO landlord.usertype_rights (id, usertype, right_id, created) VALUES (315, 'HOTLINE', 177, null);
INSERT INTO landlord.usertype_rights (id, usertype, right_id, created) VALUES (316, 'HOTLINE', 180, null);
INSERT INTO landlord.usertype_rights (id, usertype, right_id, created) VALUES (317, 'HOTLINE', 182, null);
INSERT INTO landlord.usertype_rights (id, usertype, right_id, created) VALUES (318, 'HOTLINE', 183, null);
INSERT INTO landlord.usertype_rights (id, usertype, right_id, created) VALUES (319, 'HOTLINE', 184, null);
INSERT INTO landlord.usertype_rights (id, usertype, right_id, created) VALUES (320, 'HOTLINE', 185, null);
INSERT INTO landlord.usertype_rights (id, usertype, right_id, created) VALUES (321, 'HOTLINE', 186, null);
INSERT INTO landlord.usertype_rights (id, usertype, right_id, created) VALUES (322, 'HOTLINE', 187, null);
INSERT INTO landlord.usertype_rights (id, usertype, right_id, created) VALUES (323, 'HOTLINE', 207, null);
INSERT INTO landlord.usertype_rights (id, usertype, right_id, created) VALUES (1000, 'COMPANYADMIN', 2000, null);
INSERT INTO landlord.usertype_rights (id, usertype, right_id, created) VALUES (1001, 'COMPANYADMIN', 2001, null);



--PRODUCTS
INSERT INTO landlord.product (id, name, description, subscriptionperiod, created, updated)
VALUES (100000, 'Flatrate-Produkt', 'Flatrate-Produkt mit einer Vertragslaufzeit von einem Monat.', 'MONTHLY', NOW(),
NOW());

INSERT INTO landlord.product (id, name, description, subscriptionperiod, created, updated)
VALUES (100001, 'Flatrate-Produkt', 'Flatrate-Produkt mit einer Vertragslaufzeit von einem Jahr.', 'YEARLY', NOW(),
NOW());



--ADDON PRODUCTS
INSERT INTO landlord.addonproduct (id, name, description, producttype, created, updated, addontype)
VALUES (200004, 'ADDON_TITLE_PUBLISH_TO_PORTALS_L', 'ADDON_DESCRIPTION_PUBLISH_TO_PORTALS_L', 'SUBSCRIPTION', NOW(),
NOW(), 'PORTALPUBLISH');

INSERT INTO landlord.addonproduct (id, name, description, producttype, created, updated, addontype)
VALUES (200005, 'ADDON_TITLE_PUBLISH_TO_PORTALS_L', 'ADDON_DESCRIPTION_PUBLISH_TO_PORTALS_L', 'SUBSCRIPTION', NOW(),
NOW(), 'PORTALPUBLISH');

INSERT INTO landlord.addonproduct (id, name, description, producttype, created, updated, addontype)
VALUES (200014, 'ADDON_TITLE_AGENT_L', 'ADDON_DESCRIPTION_AGENT_L', 'SUBSCRIPTION', NOW(), NOW(),
'AGENT1');

INSERT INTO landlord.addonproduct (id, name, description, producttype, created, updated, addontype)
VALUES (200006, 'ADDON_TITLE_SHORTLIST_L', 'ADDON_DESCRIPTION_SHORTLIST_L', 'SUBSCRIPTION', NOW(), NOW(), 'SHORTLIST');

INSERT INTO landlord.addonproduct (id, name, description, producttype, created, updated, addontype)
VALUES (200007, 'ADDON_TITLE_SHORTLIST_L', 'ADDON_DESCRIPTION_SHORTLIST_L', 'SUBSCRIPTION', NOW(), NOW(), 'SHORTLIST');

INSERT INTO landlord.addonproduct (id, name, description, producttype, created, updated, addontype)
VALUES (200015, 'ADDON_TITLE_AGENT_L', 'ADDON_DESCRIPTION_AGENT_L', 'SUBSCRIPTION', NOW(), NOW(),
'AGENT1');

INSERT INTO landlord.addonproduct (id, name, description, producttype, created, updated, addontype)
VALUES (200000, 'ADDON_TITLE_EMAIL_EDITOR_L', 'ADDON_DESCRIPTION_EMAIL_EDITOR_L', 'SUBSCRIPTION', NOW(), NOW(),
'EMAILEDITOR');

INSERT INTO landlord.addonproduct (id, name, description, producttype, created, updated, addontype)
VALUES (200001, 'ADDON_TITLE_EMAIL_EDITOR_L', 'ADDON_DESCRIPTION_EMAIL_EDITOR_L', 'SUBSCRIPTION', NOW(), NOW(),
'EMAILEDITOR');

INSERT INTO landlord.addonproduct (id, name, description, producttype, created, updated, addontype)
VALUES (200010, 'ADDON_TITLE_INVENTORY_IMPORT_L', 'ADDON_DESCRIPTION_INVENTORY_IMPORT_L', 'SUBSCRIPTION', NOW(),
NOW(), 'IMPORT');

INSERT INTO landlord.addonproduct (id, name, description, producttype, created, updated, addontype)
VALUES (200011, 'ADDON_TITLE_INVENTORY_IMPORT_L', 'ADDON_DESCRIPTION_INVENTORY_IMPORT_L', 'SUBSCRIPTION', NOW(),
NOW(), 'IMPORT');

INSERT INTO landlord.addonproduct (id, name, description, producttype, created, updated, addontype)
VALUES (200012, 'ADDON_TITLE_HOMEPAGE_MODULE_L', 'ADDON_DESCRIPTION_HOMEPAGE_MODULE_L', 'SUBSCRIPTION', NOW(),
NOW(), 'HPMODULE');

INSERT INTO landlord.addonproduct (id, name, description, producttype, created, updated, addontype)
VALUES (200013, 'ADDON_TITLE_HOMEPAGE_MODULE_L', 'ADDON_DESCRIPTION_HOMEPAGE_MODULE_L', 'SUBSCRIPTION', NOW(),
NOW(), 'HPMODULE');

INSERT INTO landlord.addonproduct (id, name, description, producttype, created, updated, addontype)
VALUES (200002, 'ADDON_TITLE_DATA_INSIGHTS_L', 'ADDON_DESCRIPTION_DATA_INSIGHTS_L', 'SUBSCRIPTION', NOW(), NOW(),
'DATAINSIGHTS');

INSERT INTO landlord.addonproduct (id, name, description, producttype, created, updated, addontype)
VALUES (200003, 'ADDON_TITLE_DATA_INSIGHTS_L', 'ADDON_DESCRIPTION_DATA_INSIGHTS_L', 'SUBSCRIPTION', NOW(), NOW(),
'DATAINSIGHTS');

INSERT INTO landlord.addonproduct (id, name, description, producttype, created, updated, addontype)
VALUES (200008, 'ADDON_TITLE_CUSTOMISED_BRANDING_L', 'ADDON_DESCRIPTION_CUSTOMISED_BRANDING_L', 'SUBSCRIPTION', NOW(),
NOW(), 'BRANDING');

INSERT INTO landlord.addonproduct (id, name, description, producttype, created, updated, addontype)
VALUES (200009, 'ADDON_TITLE_CUSTOMISED_BRANDING_L', 'ADDON_DESCRIPTION_CUSTOMISED_BRANDING_L', 'SUBSCRIPTION', NOW(),
NOW(), 'BRANDING');


--PRODUCT ADDONS
INSERT INTO landlord.productaddon (id, product_id, addonproduct_id) VALUES (200000, 100000, 200000);
INSERT INTO landlord.productaddon (id, product_id, addonproduct_id) VALUES (200001, 100001, 200001);
INSERT INTO landlord.productaddon (id, product_id, addonproduct_id) VALUES (200002, 100000, 200002);
INSERT INTO landlord.productaddon (id, product_id, addonproduct_id) VALUES (200003, 100001, 200003);
INSERT INTO landlord.productaddon (id, product_id, addonproduct_id) VALUES (200004, 100000, 200004);
INSERT INTO landlord.productaddon (id, product_id, addonproduct_id) VALUES (200005, 100001, 200005);
INSERT INTO landlord.productaddon (id, product_id, addonproduct_id) VALUES (200006, 100000, 200006);
INSERT INTO landlord.productaddon (id, product_id, addonproduct_id) VALUES (200007, 100001, 200007);
INSERT INTO landlord.productaddon (id, product_id, addonproduct_id) VALUES (200008, 100000, 200008);
INSERT INTO landlord.productaddon (id, product_id, addonproduct_id) VALUES (200009, 100001, 200009);
INSERT INTO landlord.productaddon (id, product_id, addonproduct_id) VALUES (200010, 100000, 200010);
INSERT INTO landlord.productaddon (id, product_id, addonproduct_id) VALUES (200011, 100001, 200011);
INSERT INTO landlord.productaddon (id, product_id, addonproduct_id) VALUES (200012, 100000, 200012);
INSERT INTO landlord.productaddon (id, product_id, addonproduct_id) VALUES (200013, 100001, 200013);
INSERT INTO landlord.productaddon (id, product_id, addonproduct_id) VALUES (200014, 100000, 200014);
INSERT INTO landlord.productaddon (id, product_id, addonproduct_id) VALUES (200015, 100001, 200015);



--ADDON PRODUCT LIMITATIONS
INSERT INTO landlord.addonproduct_limitations (id, addonproduct_id, limitation, limitation_value)
VALUES (200000, 200000, 'EMAIL_EDITOR', 'true');

INSERT INTO landlord.addonproduct_limitations (id, addonproduct_id, limitation, limitation_value)
VALUES (200001, 200001, 'EMAIL_EDITOR', 'true');



--PERMISSION SCHEMES
INSERT INTO landlord.permission_scheme (id, description, name, created, updated)
VALUES (100, 'Email Editor', 'Email Editor', NOW(), NOW());

INSERT INTO landlord.permission_scheme (id, description, name, created, updated)
VALUES (200, 'Data insights', 'Analytics', NOW(), null);

INSERT INTO landlord.permission_scheme (id, description, name, created, updated)
VALUES (300, 'Publish to Portals', 'Publish to Portals', NOW(), null);

INSERT INTO landlord.permission_scheme (id, description, name, created, updated)
VALUES (400, 'Shortlist', 'Shortlist', NOW(), null);

INSERT INTO landlord.permission_scheme (id, description, name, created, updated)
VALUES (500, 'Customised branding', 'Customised branding', NOW(), null);

INSERT INTO landlord.permission_scheme (id, description, name, created, updated)
VALUES (600, 'Inventory Import', 'Inventory Import', NOW(), null);



--ADDON PRODUCT PERMISSION SCHEMES
INSERT INTO landlord.addonproductpermissionscheme (addonproduct_id, permissionscheme_id, id)
VALUES (200000, 100, 200000);

INSERT INTO landlord.addonproductpermissionscheme (addonproduct_id, permissionscheme_id, id)
VALUES (200001, 100, 200001);

INSERT INTO landlord.addonproductpermissionscheme (addonproduct_id, permissionscheme_id, id)
VALUES (200002, 200, 200002);

INSERT INTO landlord.addonproductpermissionscheme (addonproduct_id, permissionscheme_id, id)
VALUES (200003, 200, 200003);

INSERT INTO landlord.addonproductpermissionscheme (addonproduct_id, permissionscheme_id, id)
VALUES (200004, 300, 200004);

INSERT INTO landlord.addonproductpermissionscheme (addonproduct_id, permissionscheme_id, id)
VALUES (200005, 300, 200005);

INSERT INTO landlord.addonproductpermissionscheme (addonproduct_id, permissionscheme_id, id)
VALUES (200006, 400, 200006);

INSERT INTO landlord.addonproductpermissionscheme (addonproduct_id, permissionscheme_id, id)
VALUES (200007, 400, 200007);

INSERT INTO landlord.addonproductpermissionscheme (addonproduct_id, permissionscheme_id, id)
VALUES (200008, 500, 200008);

INSERT INTO landlord.addonproductpermissionscheme (addonproduct_id, permissionscheme_id, id)
VALUES (200009, 500, 200009);

INSERT INTO landlord.addonproductpermissionscheme (addonproduct_id, permissionscheme_id, id)
VALUES (200010, 600, 200010);

INSERT INTO landlord.addonproductpermissionscheme (addonproduct_id, permissionscheme_id, id)
VALUES (200011, 600, 200011);



--PERMISSION SCHEME RIGHTS
INSERT INTO landlord.permissionscheme_rights (id, permission_scheme_id, right_id, usertype) VALUES (101, 100, 166, 'COMPANYADMIN');
INSERT INTO landlord.permissionscheme_rights (id, permission_scheme_id, right_id, usertype) VALUES (102, 100, 197, 'COMPANYADMIN');
INSERT INTO landlord.permissionscheme_rights (id, permission_scheme_id, right_id, usertype) VALUES (103, 100, 198, 'COMPANYADMIN');
INSERT INTO landlord.permissionscheme_rights (id, permission_scheme_id, right_id, usertype) VALUES (104, 100, 199, 'COMPANYADMIN');
INSERT INTO landlord.permissionscheme_rights (id, permission_scheme_id, right_id, usertype) VALUES (105, 100, 200, 'COMPANYADMIN');
INSERT INTO landlord.permissionscheme_rights (id, permission_scheme_id, right_id, usertype) VALUES (201, 200, 1201, 'COMPANYADMIN');
INSERT INTO landlord.permissionscheme_rights (id, permission_scheme_id, right_id, usertype) VALUES (301, 300, 1101, 'COMPANYADMIN');
INSERT INTO landlord.permissionscheme_rights (id, permission_scheme_id, right_id, usertype) VALUES (401, 400, 1001, 'COMPANYADMIN');
INSERT INTO landlord.permissionscheme_rights (id, permission_scheme_id, right_id, usertype) VALUES (501, 500, 165, 'COMPANYADMIN');
INSERT INTO landlord.permissionscheme_rights (id, permission_scheme_id, right_id, usertype) VALUES (502, 500, 201, 'COMPANYADMIN');
INSERT INTO landlord.permissionscheme_rights (id, permission_scheme_id, right_id, usertype) VALUES (503, 500, 202, 'COMPANYADMIN');
INSERT INTO landlord.permissionscheme_rights (id, permission_scheme_id, right_id, usertype) VALUES (504, 500, 203, 'COMPANYADMIN');
INSERT INTO landlord.permissionscheme_rights (id, permission_scheme_id, right_id, usertype) VALUES (505, 500, 204, 'COMPANYADMIN');
INSERT INTO landlord.permissionscheme_rights (id, permission_scheme_id, right_id, usertype) VALUES (601, 600, 195, 'COMPANYADMIN');
INSERT INTO landlord.permissionscheme_rights (id, permission_scheme_id, right_id, usertype) VALUES (602, 600, 196, 'COMPANYADMIN');
INSERT INTO landlord.permissionscheme_rights (id, permission_scheme_id, right_id, usertype) VALUES (603, 600, 205, 'COMPANYADMIN');
INSERT INTO landlord.permissionscheme_rights (id, permission_scheme_id, right_id, usertype) VALUES (604, 600, 206, 'COMPANYADMIN');
INSERT INTO landlord.permissionscheme_rights (id, permission_scheme_id, right_id, usertype) VALUES (605, 200, 2001, 'COMPANYADMIN');
INSERT INTO landlord.permissionscheme_rights (id, permission_scheme_id, right_id, usertype) VALUES (605, 100, 2002, 'COMPANYADMIN');
INSERT INTO landlord.permissionscheme_rights (id, permission_scheme_id, right_id, usertype) VALUES (606, 500, 2003, 'COMPANYADMIN');
INSERT INTO landlord.permissionscheme_rights (id, permission_scheme_id, right_id, usertype) VALUES (607, 400, 2005, 'COMPANYADMIN');
INSERT INTO landlord.permissionscheme_rights (id, permission_scheme_id, right_id, usertype) VALUES (608, 600, 2006, 'COMPANYADMIN');
INSERT INTO landlord.permissionscheme_rights (id, permission_scheme_id, right_id, usertype) VALUES (609, 300, 2004, 'COMPANYADMIN');



--PRICE
INSERT INTO landlord.price (id, fixedpart, variablepart, currency) VALUES (100000, 0, 0, 'EUR');
INSERT INTO landlord.price (id, fixedpart, variablepart, currency) VALUES (100001, 0, 0, 'EUR');
INSERT INTO landlord.price (id, fixedpart, variablepart, currency) VALUES (200000, 0, 30, 'EUR');
INSERT INTO landlord.price (id, fixedpart, variablepart, currency) VALUES (200001, 0, 300, 'EUR');
INSERT INTO landlord.price (id, fixedpart, variablepart, currency) VALUES (200002, 0, 30, 'EUR');
INSERT INTO landlord.price (id, fixedpart, variablepart, currency) VALUES (200003, 0, 300, 'EUR');
INSERT INTO landlord.price (id, fixedpart, variablepart, currency) VALUES (200004, 0, 50, 'EUR');
INSERT INTO landlord.price (id, fixedpart, variablepart, currency) VALUES (200005, 0, 500, 'EUR');
INSERT INTO landlord.price (id, fixedpart, variablepart, currency) VALUES (200006, 0, 30, 'EUR');
INSERT INTO landlord.price (id, fixedpart, variablepart, currency) VALUES (200007, 0, 300, 'EUR');
INSERT INTO landlord.price (id, fixedpart, variablepart, currency) VALUES (200008, 0, 10, 'EUR');
INSERT INTO landlord.price (id, fixedpart, variablepart, currency) VALUES (200009, 0, 100, 'EUR');
INSERT INTO landlord.price (id, fixedpart, variablepart, currency) VALUES (200010, 0, 50, 'EUR');
INSERT INTO landlord.price (id, fixedpart, variablepart, currency) VALUES (200011, 0, 500, 'EUR');
INSERT INTO landlord.price (id, fixedpart, variablepart, currency) VALUES (200012, 150, 0, 'EUR');
INSERT INTO landlord.price (id, fixedpart, variablepart, currency) VALUES (200013, 1500, 0, 'EUR');
INSERT INTO landlord.price (id, fixedpart, variablepart, currency) VALUES (200014, 30, 0, 'EUR');
INSERT INTO landlord.price (id, fixedpart, variablepart, currency) VALUES (200015, 300, 0, 'EUR');



--PRODUCT PRICE
INSERT INTO landlord.productprice (id, product_id, price_id, location, paymentmethods, customer_id)
VALUES (100000, 100000, 100000, 'DE', ARRAY ['STRIPE', 'INVOICE'] :: shared.PAYMENTMETHOD [], null);

INSERT INTO landlord.productprice (id, product_id, price_id, location, paymentmethods, customer_id)
VALUES (100001, 100001, 100001, 'DE', ARRAY ['STRIPE', 'INVOICE'] :: shared.PAYMENTMETHOD [], null);



--PRODUCT ADDON PRICE
INSERT INTO landlord.productaddonprice (id, productaddon_id, price_id, location, paymentmethods, customer_id)
VALUES (200000, 200000, 200000, 'DE', ARRAY ['STRIPE', 'INVOICE'] :: shared.PAYMENTMETHOD [], null);

INSERT INTO landlord.productaddonprice (id, productaddon_id, price_id, location, paymentmethods, customer_id)
VALUES (200001, 200001, 200001, 'DE', ARRAY ['STRIPE', 'INVOICE'] :: shared.PAYMENTMETHOD [], null);

INSERT INTO landlord.productaddonprice (id, productaddon_id, price_id, location, paymentmethods, customer_id)
VALUES (200002, 200002, 200002, 'DE', ARRAY ['STRIPE', 'INVOICE'] :: shared.PAYMENTMETHOD [], null);

INSERT INTO landlord.productaddonprice (id, productaddon_id, price_id, location, paymentmethods, customer_id)
VALUES (200003, 200003, 200003, 'DE', ARRAY ['STRIPE', 'INVOICE'] :: shared.PAYMENTMETHOD [], null);

INSERT INTO landlord.productaddonprice (id, productaddon_id, price_id, location, paymentmethods, customer_id)
VALUES (200004, 200004, 200004, 'DE', ARRAY ['STRIPE', 'INVOICE'] :: shared.PAYMENTMETHOD [], null);

INSERT INTO landlord.productaddonprice (id, productaddon_id, price_id, location, paymentmethods, customer_id)
VALUES (200005, 200005, 200005, 'DE', ARRAY ['STRIPE', 'INVOICE'] :: shared.PAYMENTMETHOD [], null);

INSERT INTO landlord.productaddonprice (id, productaddon_id, price_id, location, paymentmethods, customer_id)
VALUES (200006, 200006, 200006, 'DE', ARRAY ['STRIPE', 'INVOICE'] :: shared.PAYMENTMETHOD [], null);

INSERT INTO landlord.productaddonprice (id, productaddon_id, price_id, location, paymentmethods, customer_id)
VALUES (200007, 200007, 200007, 'DE', ARRAY ['STRIPE', 'INVOICE'] :: shared.PAYMENTMETHOD [], null);

INSERT INTO landlord.productaddonprice (id, productaddon_id, price_id, location, paymentmethods, customer_id)
VALUES (200008, 200008, 200008, 'DE', ARRAY ['STRIPE', 'INVOICE'] :: shared.PAYMENTMETHOD [], null);

INSERT INTO landlord.productaddonprice (id, productaddon_id, price_id, location, paymentmethods, customer_id)
VALUES (200009, 200009, 200009, 'DE', ARRAY ['STRIPE', 'INVOICE'] :: shared.PAYMENTMETHOD [], null);

INSERT INTO landlord.productaddonprice (id, productaddon_id, price_id, location, paymentmethods, customer_id)
VALUES (200010, 200010, 200010, 'DE', ARRAY ['STRIPE', 'INVOICE'] :: shared.PAYMENTMETHOD [], null);

INSERT INTO landlord.productaddonprice (id, productaddon_id, price_id, location, paymentmethods, customer_id)
VALUES (200011, 200011, 200011, 'DE', ARRAY ['STRIPE', 'INVOICE'] :: shared.PAYMENTMETHOD [], null);

INSERT INTO landlord.productaddonprice (id, productaddon_id, price_id, location, paymentmethods, customer_id)
VALUES (200012, 200012, 200012, 'DE', ARRAY ['STRIPE', 'INVOICE'] :: shared.PAYMENTMETHOD [], null);

INSERT INTO landlord.productaddonprice (id, productaddon_id, price_id, location, paymentmethods, customer_id)
VALUES (200013, 200013, 200013, 'DE', ARRAY ['STRIPE', 'INVOICE'] :: shared.PAYMENTMETHOD [], null);

INSERT INTO landlord.productaddonprice (id, productaddon_id, price_id, location, paymentmethods, customer_id)
VALUES (200014, 200014, 200014, 'DE', ARRAY ['STRIPE', 'INVOICE'] :: shared.PAYMENTMETHOD [], null);

INSERT INTO landlord.productaddonprice (id, productaddon_id, price_id, location, paymentmethods, customer_id)
VALUES (200015, 200015, 200015, 'DE', ARRAY ['STRIPE', 'INVOICE'] :: shared.PAYMENTMETHOD [], null);













































